h_0,h_1,h_2,h_3,h_4,h_5,h_6,h_7,h_8,h_9,h_10,h_11,h_12,h_13,h_14,h_15,label
0.0,0.0,0.085655786,0.22664149,0.1877416,0.11526363,0.24763307,0.4364306,0.4859741,0.23787643,0.1638357,0.20995805,0.13076445,0.40196553,0.31402898,0.0,A
0.0,0.0,0.08394188,0.22775188,0.18710901,0.11387594,0.24600746,0.43290564,0.4903285,0.23622617,0.16628164,0.20831582,0.12875865,0.40663958,0.30979654,0.0,A
0.0,0.0,0.083964735,0.22909473,0.18886779,0.11425126,0.24800265,0.43670124,0.48703778,0.23675095,0.16598369,0.20718352,0.1319325,0.3628884,0.35595128,0.0,A
0.0,0.0,0.0853189,0.22483939,0.1921155,0.11398402,0.24356896,0.4405888,0.4865883,0.23773447,0.16459191,0.20780098,0.13178346,0.35362104,0.36448672,0.0,A
0.0,0.0,0.08309838,0.22714119,0.18931942,0.113675885,0.24512547,0.4361296,0.48549163,0.23754427,0.16379604,0.206335,0.131955,0.42020908,0.29482445,0.0,A
0.0,0.0,0.08335726,0.22813787,0.18890102,0.11307959,0.24527241,0.43375245,0.48662958,0.2364736,0.16524103,0.20574087,0.13215072,0.42486942,0.28964543,0.0,A
0.0,0.0,0.0874819,0.2237007,0.18912953,0.11176603,0.24903883,0.43121198,0.48774847,0.23967932,0.164213,0.20708968,0.13048504,0.41852182,0.2978179,0.0,A
0.0,0.0,0.0830797,0.22833219,0.18866806,0.11507234,0.24266355,0.43268043,0.48899424,0.23929146,0.16565359,0.20755173,0.12851852,0.4121529,0.30454126,0.0,A
0.0,0.0,0.08416192,0.22763796,0.18907957,0.114409596,0.2452297,0.4308078,0.4929062,0.23615962,0.16625671,0.20241047,0.1339419,0.40461004,0.31230614,0.0,A
0.0,0.0,0.08356306,0.22791457,0.18813266,0.11505181,0.24193296,0.43482262,0.48858082,0.2351974,0.16565272,0.20791838,0.12848084,0.41886774,0.29695407,0.0,A
0.0,0.0,0.08442489,0.22749932,0.18925881,0.11459475,0.24790834,0.43687135,0.48622486,0.23852779,0.16331442,0.20865372,0.13098958,0.39165884,0.32523444,0.0,A
0.0,0.0,0.08219131,0.23186824,0.18699051,0.113419786,0.24788392,0.43216994,0.49217594,0.23757303,0.16467842,0.20647134,0.13235125,0.35826114,0.35935986,0.0,A
0.0,0.0,0.081999734,0.22602491,0.19036554,0.11526219,0.24284537,0.43009913,0.49241892,0.23405668,0.16458818,0.20684959,0.13010624,0.42488477,0.29002675,0.0,A
0.0,0.0,0.08422641,0.22673748,0.19035168,0.110505044,0.24484617,0.4351136,0.48746032,0.23781325,0.16356768,0.20740752,0.13017191,0.41502562,0.3010673,0.0,A
0.0,0.0,0.08393947,0.22592264,0.18925457,0.117059015,0.24442565,0.43836933,0.48758397,0.2343715,0.16665386,0.20860246,0.13011251,0.38890123,0.32916775,0.0,A
0.0,0.0,0.08375517,0.22670352,0.18857554,0.11324643,0.24663119,0.43137285,0.49048176,0.23668842,0.16628857,0.20580685,0.13144675,0.41679576,0.29781958,0.0,A
0.0,0.0,0.08175771,0.22732939,0.18811433,0.116971225,0.24274583,0.43498805,0.48818743,0.2367646,0.16549511,0.20546836,0.13137676,0.4172128,0.2985146,0.0,A
0.0,0.0,0.08210197,0.22907673,0.18459253,0.117571376,0.2476118,0.43207797,0.48810443,0.23632225,0.16411969,0.20965701,0.12789205,0.41783965,0.29824626,0.0,A
0.0,0.0,0.0816027,0.22858867,0.18629177,0.116105855,0.24775709,0.42465422,0.49462947,0.23773053,0.1637952,0.2069768,0.13127208,0.41610214,0.29995418,0.0,A
0.0,0.0,0.083038814,0.22948372,0.18503627,0.11379393,0.24945349,0.43166703,0.48774245,0.23761488,0.16485585,0.20648059,0.12976132,0.41696355,0.29971492,0.0,A
0.0,0.0,0.08388976,0.22581486,0.18751828,0.1167877,0.24399309,0.43661478,0.4892515,0.2357686,0.16448973,0.20725705,0.13205573,0.4050665,0.3106747,0.0,A
0.0,0.0,0.0838628,0.22702464,0.18752007,0.11517945,0.24741001,0.43113157,0.4909793,0.23685858,0.16662824,0.20790544,0.13003586,0.4026005,0.3142639,0.0,A
0.0,0.0,0.081442446,0.23059209,0.18361416,0.11535924,0.24677102,0.4351883,0.48924452,0.23543733,0.16326408,0.20872523,0.1309062,0.40738076,0.30786338,0.0,A
0.0,0.0,0.082293,0.22798583,0.18690273,0.11800824,0.24565326,0.43462706,0.49172917,0.23580515,0.16593853,0.2065567,0.13229434,0.3654367,0.35284126,0.0,A
0.0,0.0,0.07772342,0.23295918,0.18495725,0.118421614,0.24545571,0.43341047,0.491798,0.23739207,0.1651992,0.2047153,0.13294463,0.38059568,0.33677334,0.0,A
0.0,0.0,0.08469832,0.22597477,0.18746786,0.114591844,0.24890159,0.42982495,0.49548092,0.23471484,0.16639884,0.20676354,0.13034083,0.3328821,0.3846469,0.0,A
0.0,0.0,0.0823982,0.22799502,0.18614331,0.1153659,0.24723671,0.42723277,0.49459973,0.23346859,0.16450167,0.20694286,0.1317866,0.41687512,0.29906717,0.0,A
0.0,0.0,0.08010665,0.22997953,0.1877737,0.11471543,0.24825464,0.43184996,0.48975635,0.23647922,0.16721946,0.20718838,0.13168216,0.4001534,0.31624824,0.0,A
0.0,0.0,0.07801973,0.23208028,0.18812314,0.11498753,0.24315378,0.43258217,0.48820227,0.23666969,0.16610245,0.20757544,0.12930308,0.4154877,0.30134228,0.0,A
0.0,0.0,0.08380161,0.22698386,0.18961172,0.11660275,0.25000814,0.42992765,0.49121287,0.23739557,0.16574097,0.20814966,0.13171242,0.35471782,0.36462164,0.0,A
0.0,0.0,0.07794728,0.23371539,0.18620506,0.11660475,0.24459174,0.43075466,0.49217662,0.23573889,0.1639886,0.20926464,0.12916738,0.39812556,0.31933513,0.0,A
0.0,0.0,0.08138604,0.22593167,0.1914618,0.11505429,0.24390496,0.4343542,0.48996165,0.23787168,0.16513476,0.20622858,0.1323947,0.40055937,0.316009,0.0,A
0.0,0.0,0.07670737,0.23222947,0.19008255,0.11577756,0.24263975,0.4307414,0.4907586,0.23964733,0.16546877,0.20816357,0.12926456,0.40587473,0.3095269,0.0,A
0.0,0.0,0.08093598,0.22932562,0.19039546,0.11257727,0.24179676,0.435942,0.49096665,0.23539266,0.16385217,0.20990267,0.13010427,0.40105653,0.31350577,0.0,A
0.0,0.0,0.08103022,0.22917083,0.19036406,0.11308798,0.24233139,0.43269545,0.4951659,0.23545584,0.16712219,0.20711003,0.12979177,0.38228884,0.33390692,0.0,A
0.0,0.0,0.08273733,0.22539079,0.19136953,0.11149538,0.24652775,0.4295604,0.49322394,0.23684348,0.16252726,0.20985386,0.12960075,0.41242346,0.30214912,0.0,A
0.0,0.0,0.08116417,0.22901548,0.19170445,0.11362139,0.24480093,0.43055418,0.4924297,0.23695041,0.16654904,0.2069834,0.1304198,0.39408728,0.32322162,0.0,A
0.0,0.0,0.08064969,0.23090924,0.18700278,0.11478043,0.2440559,0.43586224,0.4853729,0.23963153,0.1664822,0.20866105,0.12763213,0.41357192,0.30148825,0.0,A
0.0,0.0,0.08219388,0.22882709,0.1876669,0.11626913,0.24400912,0.43403766,0.48683742,0.23852672,0.16607465,0.20677096,0.13221027,0.41510227,0.30030918,0.0,A
0.0,0.0,0.08028582,0.2297008,0.19138926,0.11173496,0.24102585,0.43510956,0.4879879,0.23908924,0.16347657,0.20915571,0.13084862,0.4151539,0.29836684,0.0,A
0.0,0.0,0.08051649,0.22949937,0.19044192,0.11426515,0.2405804,0.4321599,0.491357,0.23674627,0.16701588,0.20780079,0.13052855,0.41100904,0.30390653,0.0,A
0.0,0.0,0.07872024,0.23047161,0.1901001,0.115425445,0.24227123,0.43296131,0.49044225,0.23653999,0.16603734,0.20632456,0.13232417,0.4095728,0.3052727,0.0,A
0.0,0.0,0.08174612,0.22950496,0.19069876,0.11258017,0.23958614,0.43914282,0.48794585,0.23971269,0.16382967,0.20879425,0.12945244,0.327111,0.38936967,0.0,A
0.0,0.0,0.08085485,0.23048279,0.18908376,0.114185296,0.24438103,0.43481657,0.4905363,0.24057908,0.16390638,0.2091496,0.12964657,0.3570033,0.3597069,0.0,A
0.0,0.0,0.084113486,0.22470978,0.18928693,0.11469255,0.24661215,0.4289493,0.49208704,0.23873572,0.16144566,0.21072596,0.12758124,0.41496548,0.30090472,0.0,A
0.0,0.0,0.07909894,0.23128344,0.18763395,0.11244581,0.24545482,0.43060774,0.48931167,0.23847425,0.16505228,0.2055479,0.13027565,0.42354307,0.2908284,0.0,A
0.0,0.0,0.07821345,0.23366901,0.18788965,0.11525081,0.24401583,0.43287683,0.49305725,0.23890577,0.16377525,0.20718962,0.1327348,0.3605336,0.35529685,0.0,A
0.0,0.0,0.084374204,0.22588336,0.1884821,0.11540839,0.24409908,0.43097886,0.49131846,0.23895483,0.1654173,0.20560151,0.1324013,0.412974,0.30245686,0.0,A
0.0,0.0,0.08076715,0.23128773,0.1858826,0.11414584,0.24711202,0.4334166,0.49164996,0.23614052,0.16697785,0.20605329,0.13094068,0.3888554,0.3275838,0.0,A
0.0,0.0,0.08213504,0.22916013,0.18552062,0.11565524,0.24379097,0.4359313,0.48926848,0.23712909,0.16473389,0.20837338,0.1308342,0.40317005,0.31247577,0.0,A
0.0,0.0,0.08099011,0.22738883,0.18892063,0.114644505,0.2482064,0.4285973,0.49506158,0.24014118,0.1621069,0.21045606,0.12866364,0.3519143,0.36589122,0.0,A
0.0,0.0,0.081279874,0.22998318,0.18672404,0.115667515,0.24768394,0.43233797,0.49295992,0.23826325,0.16429181,0.20869157,0.13015763,0.36588618,0.3505089,0.0,A
0.0,0.0,0.08204147,0.22726624,0.1874031,0.11592725,0.2418729,0.43335912,0.49275395,0.23408549,0.16631393,0.20630336,0.1313758,0.4148798,0.2992472,0.0,A
0.0,0.0,0.07995967,0.22800505,0.18850943,0.115413085,0.24514227,0.43352538,0.4907056,0.23663682,0.1651405,0.2018571,0.13427666,0.4146197,0.29996455,0.0,A
0.0,0.0,0.0828609,0.22587705,0.18825895,0.114160165,0.24129498,0.4359149,0.49147844,0.23590292,0.16744895,0.20498279,0.13214776,0.4080699,0.3068423,0.0,A
0.0,0.0,0.08308576,0.22664748,0.18971108,0.11486628,0.24312939,0.43195298,0.494542,0.24063598,0.1653263,0.20636204,0.13270055,0.35655877,0.360151,0.0,A
0.0,0.0,0.08325499,0.2273583,0.18963404,0.11524045,0.24356201,0.43100178,0.49269405,0.23832956,0.16385157,0.20883374,0.13051581,0.39914292,0.31732264,0.0,A
0.0,0.0,0.0805101,0.22989638,0.18761805,0.1152011,0.24363789,0.43134025,0.49144882,0.23761018,0.16679502,0.20877829,0.12856326,0.4060491,0.30981636,0.0,A
0.0,0.0,0.07820692,0.23352401,0.18678546,0.11342956,0.24280423,0.4370982,0.4901642,0.236983,0.16653772,0.20568335,0.13169472,0.3799405,0.33678752,0.0,A
0.0,0.0,0.080229945,0.23089333,0.18946934,0.11464436,0.23976085,0.43636644,0.4920629,0.23752286,0.16502032,0.20640208,0.13377288,0.36589077,0.35094267,0.0,A
0.0,0.0,0.08131619,0.22964565,0.1887562,0.11210949,0.24146658,0.4362384,0.48537308,0.23969975,0.16444127,0.20903265,0.1272958,0.4207997,0.29459766,0.0,A
0.0,0.0,0.07619206,0.2343853,0.18963824,0.11348828,0.24305688,0.43345284,0.48775545,0.23952089,0.16160293,0.21005435,0.12914765,0.4117739,0.30283186,0.0,A
0.0,0.0,0.0831938,0.2247958,0.19108906,0.11311328,0.24007115,0.43461084,0.4919249,0.23657843,0.1648727,0.20741642,0.12935647,0.4137808,0.3010042,0.0,A
0.0,0.0,0.082231306,0.2287938,0.18769915,0.114039734,0.2415676,0.42548501,0.4950266,0.23892039,0.16273983,0.20606148,0.13021708,0.4283003,0.28598174,0.0,A
0.0,0.0,0.077030316,0.23147061,0.1902978,0.11503925,0.24167946,0.43336937,0.4945802,0.23657504,0.16511318,0.2074672,0.13043688,0.36321524,0.35355482,0.0,A
0.0,0.0,0.0801688,0.2300111,0.19034821,0.11350924,0.24333042,0.43262488,0.4918031,0.23565917,0.16649145,0.2069552,0.13176008,0.4054383,0.30899972,0.0,A
0.0,0.0,0.07910028,0.23052323,0.19040477,0.112356916,0.24239458,0.42896852,0.4956502,0.23452245,0.16788287,0.20278129,0.13302656,0.40947762,0.30596107,0.0,A
0.0,0.0,0.0815452,0.22867283,0.19015951,0.11587779,0.23876569,0.43188125,0.49699917,0.2382167,0.16591977,0.2054466,0.13331859,0.36279377,0.35362998,0.0,A
0.0,0.0,0.08155996,0.22675185,0.19114828,0.11472263,0.23899847,0.4281267,0.49840796,0.23340121,0.16610794,0.20604622,0.13239816,0.41268164,0.3017466,0.0,A
0.0,0.0,0.08354348,0.227842,0.19059412,0.11453405,0.2448382,0.4314581,0.4914944,0.2391728,0.1645502,0.20902781,0.1314034,0.37632614,0.3422492,0.0,A
0.0,0.0,0.08120391,0.22681525,0.19132802,0.11353392,0.23847595,0.43569747,0.49067533,0.23784451,0.16447052,0.20719835,0.1312144,0.41178674,0.3027571,0.0,A
0.0,0.0,0.08255072,0.22625636,0.18877159,0.11595006,0.24146086,0.4375188,0.48658594,0.23716484,0.16598591,0.20772457,0.13069126,0.418271,0.29570848,0.0,A
0.0,0.0,0.07592694,0.23186336,0.19099581,0.11229106,0.24406892,0.43253943,0.49028432,0.23821867,0.16372272,0.20997755,0.12727442,0.40631855,0.3088846,0.0,A
0.0,0.0,0.08110345,0.22897069,0.18848222,0.11357857,0.24731702,0.4246649,0.4977972,0.2399363,0.16296606,0.20822035,0.13032223,0.39438292,0.321335,0.0,A
0.0,0.0,0.07783446,0.23413582,0.18484628,0.115866244,0.24383351,0.43142045,0.49534082,0.23459962,0.16486062,0.206645,0.13239446,0.38579917,0.3306067,0.0,A
0.0,0.0,0.07871089,0.22833744,0.18986686,0.11292569,0.24835226,0.4284856,0.49603033,0.23613268,0.1633209,0.20815408,0.13053873,0.39612478,0.31909937,0.0,A
0.0,0.0,0.078836784,0.23154093,0.18521589,0.115896806,0.24556477,0.4296015,0.49571994,0.23596287,0.16184281,0.2092628,0.12941529,0.3994481,0.31602094,0.0,A
0.0,0.0,0.083254494,0.22555472,0.18763892,0.11526572,0.2447446,0.43369097,0.49126056,0.23959918,0.16321929,0.20771448,0.13205159,0.40264976,0.3124363,0.0,A
0.0,0.0,0.07839695,0.23063634,0.18838042,0.11495971,0.24231787,0.43386117,0.49530515,0.23704642,0.16354136,0.21035181,0.12845461,0.3591753,0.3563498,0.0,A
0.0,0.0,0.081061974,0.22704956,0.1911863,0.114221774,0.24352387,0.43711793,0.4899624,0.23853932,0.16546105,0.20559074,0.1333573,0.37261474,0.3444817,0.0,A
0.0,0.0,0.07680533,0.23138608,0.18929288,0.114259005,0.24559993,0.43253085,0.49170598,0.23834538,0.16318497,0.2073027,0.13180487,0.38727435,0.32974416,0.0,A
0.0,0.0,0.077770114,0.23331033,0.1880286,0.11261516,0.24395743,0.43097603,0.4915761,0.2384445,0.1631994,0.20650321,0.13155268,0.41266975,0.30140126,0.0,A
0.0,0.0,0.078684635,0.22978103,0.19003876,0.11404852,0.24333718,0.43278655,0.48852676,0.2382431,0.16633654,0.20553151,0.13164626,0.4187673,0.29554102,0.0,A
0.0,0.0,0.07963797,0.22826734,0.1926943,0.11360557,0.2438992,0.4321997,0.49202323,0.2402236,0.16430348,0.20891765,0.13134983,0.35146326,0.36608118,0.0,A
0.0,0.0,0.0793769,0.22888415,0.19016679,0.11382986,0.24294399,0.43551743,0.49108124,0.24036846,0.16605817,0.20612662,0.13185854,0.3427562,0.37366253,0.0,A
0.0,0.0,0.07749711,0.23097427,0.19102469,0.11479181,0.2410038,0.43194422,0.49123645,0.2400767,0.16401237,0.20480476,0.13459803,0.4081346,0.3063222,0.0,A
0.0,0.0,0.08093247,0.22741772,0.18993498,0.11026314,0.24208306,0.4347494,0.4889145,0.23725064,0.1637979,0.20581892,0.13333267,0.42567286,0.28704554,0.0,A
0.0,0.0,0.0794001,0.2291248,0.19320269,0.112114124,0.24385665,0.43275377,0.49222997,0.24005762,0.1624726,0.20928532,0.13229129,0.3828596,0.33220562,0.0,A
0.0,0.0,0.081541,0.22793554,0.1895038,0.11453666,0.24344307,0.4303342,0.49101588,0.2403247,0.16400908,0.20606485,0.1310977,0.41208756,0.30446187,0.0,A
0.0,0.0,0.082576536,0.2265053,0.1929177,0.11110068,0.24346787,0.432166,0.4949951,0.23882636,0.16241038,0.20836124,0.12975107,0.36769134,0.34984267,0.0,A
0.0,0.0,0.0787056,0.23185217,0.18988147,0.11501827,0.24215484,0.430474,0.49376786,0.24012809,0.16475818,0.20947343,0.12890998,0.34948832,0.36819357,0.0,A
0.0,0.0,0.08075632,0.23079862,0.18753178,0.11592644,0.2400761,0.43490335,0.49044177,0.2406665,0.16303077,0.20785792,0.13203552,0.40082967,0.31383213,0.0,A
0.0,0.0,0.077400036,0.23144004,0.19301449,0.11367206,0.24199651,0.4356444,0.48914456,0.24098308,0.16459647,0.20749797,0.12992902,0.3533039,0.36432487,0.0,A
0.0,0.0,0.07868289,0.22901817,0.1920553,0.11501427,0.24017438,0.4319771,0.49251536,0.23625918,0.16477521,0.20725302,0.1297489,0.41029614,0.30542773,0.0,A
0.0,0.0,0.08046184,0.22808778,0.19148736,0.112925194,0.24239868,0.4357435,0.49205834,0.23834604,0.16556734,0.20841558,0.13048665,0.3685794,0.34755632,0.0,A
0.0,0.0,0.07963956,0.22733091,0.18708976,0.11613049,0.24258463,0.42883164,0.49553505,0.23685396,0.16345072,0.20600942,0.13433382,0.40317002,0.31518725,0.0,A
0.0,0.0,0.080810316,0.22367518,0.19178192,0.11346393,0.24572587,0.43112916,0.49449322,0.23149008,0.1690131,0.20517287,0.13606378,0.35745785,0.36396322,0.0,A
0.0,0.0,0.07739341,0.22792043,0.18810606,0.11674385,0.24512833,0.4264862,0.49599263,0.23247546,0.16781928,0.20371127,0.13610274,0.3237027,0.3975533,0.0,A
0.0,0.0,0.08019455,0.22209014,0.19119759,0.11453362,0.23949085,0.4315711,0.49356633,0.23179923,0.1687532,0.20128496,0.135591,0.42438385,0.29350027,0.0,A
0.0,0.0,0.081562355,0.22409606,0.18974957,0.11447422,0.24164905,0.43418348,0.493678,0.23392741,0.16628931,0.20565698,0.13341965,0.34722018,0.37464675,0.0,A
0.002399796,0.13108885,0.10945736,0.11139053,0.07786005,0.058528356,0.08945906,0.121089704,0.23118034,0.58425033,0.6138145,0.39283326,0.014232123,0.009199218,0.009432531,0.0035663634,B
0.0028278476,0.12562297,0.10902184,0.10825666,0.08001146,0.060316328,0.087763086,0.118470185,0.22952142,0.59125304,0.6038952,0.4018538,0.014505195,0.008882768,0.009614682,0.0032270732,B
0.0029335374,0.12194181,0.10614071,0.10864089,0.082439065,0.064937845,0.088106126,0.11704147,0.2291826,0.59220785,0.5937746,0.4163956,0.014434337,0.0091339685,0.00920064,0.0036669215,B
0.0020395345,0.11842675,0.10545397,0.10719259,0.084490225,0.06874235,0.088669606,0.117223084,0.23023337,0.5905957,0.5788266,0.43890116,0.015045747,0.008927143,0.009361798,0.0036778492,B
0.002110424,0.11540334,0.100998856,0.10729663,0.08632639,0.07017997,0.088403314,0.121433124,0.23010321,0.58944476,0.5632152,0.4604409,0.015174953,0.009212168,0.009379662,0.0035843707,B
0.002620629,0.111679114,0.10341405,0.10593389,0.08664875,0.072235286,0.092797145,0.12165766,0.23226164,0.584501,0.55893314,0.47016773,0.014984623,0.009306593,0.009575375,0.0035949654,B
0.0032171106,0.111191384,0.09725057,0.10690191,0.09041421,0.07754577,0.10070226,0.114978194,0.22027154,0.5839391,0.5769017,0.45441687,0.013773255,0.008847054,0.00981889,0.0035187148,B
0.011038334,0.102811314,0.09200855,0.11075353,0.0949364,0.08332596,0.117753446,0.117450565,0.20898797,0.5718732,0.6024979,0.43692285,0.013158502,0.0084470175,0.00905278,0.0035672665,B
0.022529112,0.094956286,0.08827595,0.11240698,0.10708997,0.0930817,0.1322435,0.124302074,0.20773818,0.54846966,0.6174544,0.43756238,0.012644933,0.007600593,0.0078732595,0.003374254,B
0.02731518,0.09178729,0.08191101,0.118688084,0.1152003,0.106359996,0.14400038,0.12687229,0.21537898,0.5222345,0.6189599,0.45403287,0.011050389,0.006837428,0.00770074,0.003764039,B
0.027778076,0.09070251,0.08195051,0.11782332,0.11554019,0.11017829,0.14829963,0.12719798,0.21077436,0.52515435,0.6147499,0.45645294,0.011899948,0.006711017,0.0079563605,0.0035630658,B
0.02226281,0.09313333,0.086204074,0.112171635,0.11594499,0.09958234,0.14572021,0.11687118,0.20791201,0.5501555,0.6044233,0.4483778,0.012898022,0.007340896,0.007855444,0.0036361446,B
0.008768781,0.10697228,0.0971074,0.111562185,0.10779435,0.09566877,0.13201126,0.11793326,0.21367054,0.57319057,0.5828499,0.4474476,0.014078004,0.008357745,0.009385336,0.0038363417,B
0.0045937216,0.116317146,0.10887805,0.11134633,0.10123328,0.09190871,0.11570007,0.11494588,0.23678234,0.5932071,0.56495917,0.43513513,0.014946735,0.009598821,0.009530258,0.0037366839,B
0.0017305664,0.12830418,0.114251986,0.118786074,0.101861134,0.089124165,0.11169075,0.12293943,0.249963,0.6072557,0.5380677,0.43502977,0.015678931,0.009968062,0.009795005,0.003703412,B
0.0033892791,0.13211201,0.11977782,0.124914154,0.105766475,0.08979843,0.11785607,0.13043484,0.24567032,0.6060171,0.541481,0.42558163,0.016806632,0.0102027785,0.00992325,0.0037386895,B
0.003942657,0.13136373,0.11779123,0.12616502,0.10983613,0.09249543,0.12051271,0.1261999,0.24001358,0.6009586,0.56031084,0.41073412,0.015805518,0.009629852,0.010048541,0.0038030937,B
0.013692221,0.11930792,0.11373998,0.12322999,0.118152305,0.10155355,0.13797276,0.12652172,0.21925062,0.5722017,0.59545404,0.40943593,0.015548199,0.009665097,0.0100503005,0.0036419206,B
0.020714218,0.10726377,0.109444216,0.12657125,0.12822416,0.10754512,0.15154085,0.1261844,0.20654431,0.54957736,0.60711294,0.42367432,0.01452457,0.008897617,0.009249303,0.0038685296,B
0.028123267,0.10060701,0.09752937,0.13301067,0.13647744,0.12222124,0.15823317,0.13148955,0.20093101,0.52507377,0.6224263,0.42680153,0.014150071,0.007994791,0.008030166,0.0037143938,B
0.037641477,0.09193344,0.08922951,0.13864729,0.14405514,0.13156728,0.1592825,0.13434236,0.20848683,0.507057,0.6306193,0.4276826,0.012843642,0.007222325,0.008396397,0.0033799058,B
0.038897865,0.09188812,0.082792774,0.14617257,0.15145722,0.14405152,0.1682818,0.13847928,0.20268592,0.4863671,0.6216828,0.4540481,0.014631637,0.0072618937,0.008520142,0.0037387968,B
0.039882082,0.090451986,0.08012281,0.14148813,0.14823079,0.14432149,0.16888914,0.140197,0.19919522,0.485758,0.61795706,0.4636292,0.014130881,0.00796207,0.008248991,0.003981035,B
0.03320823,0.09508491,0.08046471,0.13798037,0.14337805,0.13840932,0.16375338,0.14073282,0.20450406,0.49372664,0.6079715,0.4716355,0.014119753,0.007864166,0.008614836,0.0038605905,B
0.03228545,0.093320146,0.079776525,0.12832847,0.12804557,0.13320841,0.15983595,0.13596664,0.20814036,0.49616334,0.6105238,0.47607774,0.014533755,0.007567454,0.008380779,0.0036422794,B
0.029206699,0.08929504,0.07694238,0.12066519,0.12087456,0.12411975,0.1524192,0.13113354,0.20284174,0.5091108,0.5900661,0.501434,0.012841177,0.0071184784,0.008269997,0.0035592392,B
0.027047142,0.089567654,0.07250715,0.117134936,0.11755104,0.12393139,0.1471642,0.1272256,0.20216006,0.5016205,0.5381341,0.5682327,0.012413945,0.007108544,0.007906088,0.0033982308,B
0.03091932,0.08589471,0.07196022,0.11587813,0.117957905,0.122810714,0.14932784,0.12814881,0.2018075,0.49696225,0.52538586,0.5842435,0.012166684,0.0073485384,0.0076951673,0.0036049434,B
0.030575037,0.08688291,0.06869007,0.1151406,0.11648951,0.12710775,0.14893225,0.12987474,0.19783847,0.4859494,0.5120281,0.6058284,0.012278437,0.007159539,0.008024218,0.0034933016,B
0.02892371,0.086977236,0.06622911,0.11476736,0.11280934,0.122874245,0.14963382,0.12431699,0.19157664,0.50169927,0.5015619,0.60674524,0.012091623,0.0068015377,0.007694669,0.0034694711,B
0.027219243,0.085030325,0.065816745,0.1127265,0.113748506,0.1145661,0.14771295,0.12022116,0.18028064,0.5202316,0.50152904,0.59810793,0.011616724,0.0065748612,0.00759686,0.0033385304,B
0.023682337,0.086266495,0.06807819,0.1159206,0.11769507,0.10790137,0.14707619,0.12097102,0.18396467,0.5226494,0.50606495,0.5905911,0.0119435415,0.006722508,0.00774624,0.0034806894,B
0.019663375,0.0881236,0.08016872,0.11870342,0.11777362,0.10534196,0.14807795,0.12714042,0.19267352,0.5251946,0.5343892,0.556291,0.012776027,0.0069906567,0.007886012,0.0035469835,B
0.020933246,0.088191316,0.08843513,0.13193867,0.115986206,0.10452691,0.14517432,0.13772056,0.20323709,0.5244109,0.5434633,0.53865665,0.013827785,0.006791985,0.008394197,0.0033089158,B
0.017696789,0.09223356,0.09503701,0.13505629,0.11676377,0.105094396,0.14935389,0.13926147,0.207105,0.5235446,0.5460774,0.5310438,0.014122388,0.007359061,0.007849665,0.0037145736,B
0.019683843,0.09270003,0.09491051,0.13417293,0.117471494,0.10434893,0.14989194,0.14210261,0.20438215,0.5251481,0.5541651,0.52118325,0.01578918,0.0072981096,0.0077542416,0.003684142,B
0.017105293,0.09930864,0.0886397,0.13082576,0.11018747,0.11120189,0.15730573,0.13435875,0.19288054,0.52435243,0.5540156,0.5272208,0.019693824,0.007835553,0.007905514,0.0036379355,B
0.01303148,0.10341783,0.08739779,0.12402494,0.09813573,0.1021668,0.15940106,0.13768193,0.19060712,0.52772284,0.552778,0.52973837,0.022865904,0.008062143,0.008583401,0.0032318071,B
0.010943702,0.10611235,0.08495222,0.123947814,0.08488295,0.09786994,0.16339363,0.13690017,0.1980256,0.52654445,0.55026734,0.53281283,0.022683939,0.008311672,0.008692624,0.003393933,B
0.0077724825,0.103909455,0.07986657,0.11938533,0.07769028,0.0987278,0.16546752,0.1379702,0.2075771,0.5291851,0.553988,0.5248671,0.02501012,0.008808813,0.009085168,0.0036962472,B
0.0070507675,0.103273004,0.073687434,0.12000129,0.07710913,0.101579435,0.17063548,0.13959828,0.20817044,0.52555865,0.5506511,0.5301209,0.024712248,0.009401023,0.008986272,0.0038710095,B
0.00726199,0.10332774,0.06964594,0.12182853,0.07829117,0.10284361,0.1740457,0.13904983,0.20710504,0.51663876,0.54758865,0.54108745,0.025001995,0.009371425,0.008991036,0.0037347379,B
0.0074027968,0.10315486,0.06821642,0.11927497,0.07959736,0.10325863,0.17714822,0.14054936,0.20627512,0.5098244,0.5527537,0.5416841,0.026394082,0.00840598,0.008959459,0.003805176,B
0.011260937,0.10418966,0.06534809,0.119158044,0.08378138,0.10481334,0.18225394,0.13682905,0.20564204,0.5082321,0.5499495,0.5448215,0.024185028,0.008038577,0.008835505,0.003707447,B
0.016182566,0.106951736,0.0690293,0.12068769,0.08503711,0.10852455,0.18940243,0.13774404,0.21075782,0.5014848,0.55489075,0.53905773,0.0237321,0.008388371,0.008423323,0.0039844764,B
0.017242707,0.113464735,0.06366808,0.12508865,0.089233644,0.11216539,0.19202265,0.13752024,0.21147776,0.49789634,0.55060774,0.5424956,0.023423392,0.008217501,0.0086037945,0.0038980457,B
0.018840138,0.11571219,0.060738355,0.12137126,0.09254866,0.11536069,0.19286537,0.14003566,0.20713606,0.4972953,0.55103886,0.54277873,0.023268975,0.00790864,0.008681929,0.0039015957,B
0.023064721,0.11511232,0.05120016,0.12388044,0.102717236,0.11828152,0.19159564,0.14145188,0.20237091,0.4898524,0.54739094,0.55291945,0.0238042,0.008169489,0.008732902,0.003838251,B
0.025266573,0.11468766,0.050391994,0.12548594,0.10357178,0.11998094,0.19179305,0.13857798,0.20742586,0.48881644,0.5397025,0.5592876,0.024631381,0.007939915,0.0089279935,0.0036700051,B
0.021657718,0.116071284,0.05123899,0.12543869,0.100963704,0.11814902,0.19495468,0.13991238,0.20249087,0.48703456,0.54862696,0.553205,0.023770666,0.0084870085,0.008909598,0.0036624435,B
0.018777372,0.114774056,0.056015644,0.12349463,0.09610217,0.11807943,0.19343507,0.13805237,0.20711371,0.48912594,0.55252594,0.5479547,0.024403552,0.008122796,0.008685414,0.0039031617,B
0.014157717,0.11533446,0.06253284,0.12292271,0.09214812,0.11505341,0.1915332,0.13950445,0.20843111,0.49636325,0.5519753,0.5425251,0.02473209,0.008326002,0.0087827025,0.003723866,B
0.01553831,0.10989311,0.06366488,0.12687276,0.091050275,0.114498354,0.19370155,0.1388253,0.2103648,0.49975702,0.5537193,0.53663415,0.024116019,0.008542554,0.008858945,0.0038318455,B
0.01387015,0.11004591,0.064598285,0.12718998,0.09290184,0.114199914,0.1962591,0.13806784,0.21224146,0.49464333,0.561037,0.5317829,0.025628094,0.008237601,0.00894167,0.003977987,B
0.014692341,0.10985784,0.06778912,0.12807353,0.092346825,0.11183091,0.19734246,0.13959485,0.2109778,0.4953468,0.5545742,0.5376269,0.024804335,0.00831509,0.008737891,0.0040166113,B
0.016854148,0.10997508,0.06657036,0.12598298,0.09329723,0.11455884,0.1968903,0.13853545,0.21261613,0.49109742,0.5612643,0.5341848,0.024717066,0.008814931,0.0086386325,0.003949089,B
0.01836721,0.111613415,0.062610686,0.12758337,0.09370451,0.11630217,0.19558789,0.13889983,0.21042971,0.4923188,0.5581729,0.5368443,0.02397256,0.008496157,0.008496157,0.0040894365,B
0.017230023,0.11503159,0.061787993,0.12580036,0.09589496,0.11891541,0.19440268,0.13815795,0.21251538,0.48960805,0.5607172,0.53529584,0.024856428,0.008720933,0.008791549,0.0038838168,B
0.019662913,0.11659825,0.057255857,0.12703091,0.10047183,0.11787139,0.19620475,0.14202565,0.20875931,0.48690465,0.5544871,0.5432057,0.024507912,0.008204669,0.008876603,0.003960875,B
0.023144796,0.11593632,0.053544458,0.12772106,0.10149736,0.12361586,0.19542135,0.13847949,0.20872784,0.4854391,0.5488926,0.55013126,0.024171093,0.008422724,0.008847399,0.003928245,B
0.020346303,0.11998647,0.052921653,0.12693399,0.10577241,0.12119165,0.19764979,0.14029732,0.20941803,0.4855464,0.54828674,0.5483222,0.024564438,0.008507164,0.0086135045,0.0039345636,B
0.022649825,0.118574314,0.053606953,0.12773365,0.106681384,0.12606509,0.19575413,0.13927157,0.2087831,0.48452163,0.5555952,0.54171425,0.024282884,0.008555812,0.008839821,0.0038696409,B
0.026656913,0.11876385,0.050608985,0.12915613,0.11040019,0.12680718,0.19659919,0.13844512,0.21058606,0.4831699,0.5554176,0.54111046,0.024663873,0.008114521,0.008683961,0.0041284407,B
0.02938157,0.11895084,0.051034894,0.12813926,0.11435663,0.12860224,0.1948087,0.14135206,0.20203835,0.483033,0.5461767,0.55248034,0.023932623,0.008191225,0.008832278,0.0038463145,B
0.030057004,0.12004974,0.04752786,0.13117404,0.11723301,0.12885648,0.19374822,0.1409078,0.2053717,0.47791705,0.54052687,0.56035095,0.024066996,0.008164951,0.008557154,0.0037794097,B
0.033824466,0.1189231,0.047655232,0.13386463,0.12085797,0.13465291,0.1978588,0.13906012,0.20520416,0.47519076,0.55527306,0.5443446,0.024150096,0.008671103,0.008420286,0.0038697482,B
0.03722733,0.118493184,0.04843517,0.14004394,0.12346644,0.13690864,0.2018132,0.139143,0.20811987,0.47519803,0.555599,0.53851694,0.023604937,0.008216681,0.008901404,0.004036264,B
0.04032315,0.11800131,0.04738151,0.14844276,0.12828118,0.13675122,0.20635751,0.13827148,0.20925325,0.46635857,0.5607234,0.5356391,0.023672655,0.007782295,0.008759607,0.003909246,B
0.043045394,0.11708637,0.04656597,0.14957003,0.13483442,0.13995197,0.20789546,0.13915348,0.20397563,0.462248,0.5616226,0.5367608,0.024135908,0.008057401,0.008492935,0.0040287003,B
0.049456183,0.11488602,0.04682437,0.15798199,0.14138693,0.14376287,0.20604916,0.14200833,0.2053181,0.4563274,0.5583102,0.53948545,0.02500224,0.008041656,0.008626504,0.00380151,B
0.051615708,0.11479539,0.048018027,0.16832007,0.14732136,0.14431106,0.20620586,0.14086021,0.2036728,0.45407873,0.568507,0.52628934,0.025073633,0.0077093164,0.00855367,0.004074924,B
0.060801744,0.107862145,0.048131637,0.181334,0.15536581,0.14853208,0.20815177,0.13767199,0.20327581,0.45080468,0.5735902,0.5164085,0.024712251,0.007831087,0.008495991,0.0039524827,B
0.064909525,0.10614486,0.047681827,0.1910978,0.16008793,0.1499736,0.20536159,0.13859962,0.20143442,0.44643822,0.57636845,0.51323724,0.024192877,0.0078173,0.008261886,0.0037419305,B
0.06331656,0.10873367,0.04835083,0.19852807,0.163509,0.14876607,0.20888896,0.1382195,0.19774821,0.4416191,0.5675838,0.52328074,0.023804057,0.0075385706,0.008058472,0.0040849396,B
0.06913461,0.104426324,0.047439493,0.19663057,0.1658339,0.14855954,0.21007858,0.13555734,0.1995282,0.4406635,0.5636644,0.52811265,0.023775471,0.007727028,0.008135669,0.0037892156,B
0.06607969,0.10623126,0.046781756,0.1936461,0.16219898,0.1480126,0.20853625,0.1360486,0.19812796,0.4437044,0.5644554,0.52823013,0.023446439,0.007148756,0.008222922,0.0038151392,B
0.056908187,0.110912144,0.04617357,0.17476842,0.15480644,0.14789511,0.20142116,0.1371605,0.1990316,0.461221,0.56647176,0.5220995,0.024483755,0.007940677,0.008345064,0.0037130017,B
0.04801942,0.11606521,0.04695963,0.16291521,0.1441679,0.14595857,0.20475861,0.13689555,0.20201778,0.46035057,0.57195735,0.52163565,0.024375156,0.008003237,0.008734127,0.003800624,B
0.03897986,0.120103054,0.052579176,0.15533765,0.13010256,0.14159289,0.20188077,0.1414838,0.20526241,0.4662311,0.5765165,0.5164831,0.024871478,0.008726834,0.008508664,0.0039270753,B
0.035214726,0.11979522,0.054685973,0.15044977,0.12424682,0.13803594,0.20415856,0.13803594,0.20520812,0.47248536,0.5794324,0.5115364,0.0250448,0.008649866,0.008758442,0.0038001505,B
0.021766646,0.122612774,0.07289128,0.14373182,0.10908507,0.12570687,0.205362,0.138551,0.20996718,0.4850544,0.5789568,0.5041227,0.024321077,0.008418835,0.008814592,0.0037417044,B
0.016441436,0.12414006,0.08375758,0.14735998,0.10034324,0.1209311,0.20894326,0.13949983,0.21269307,0.4960915,0.5730706,0.49713713,0.026284665,0.009482671,0.009050001,0.0038579686,B
0.015543164,0.12524898,0.09340357,0.14585271,0.098319545,0.12000768,0.20469984,0.14314169,0.21492942,0.51129776,0.5724222,0.48104283,0.026820993,0.009398192,0.010084983,0.0038677175,B
0.012851714,0.13523509,0.10792519,0.15301572,0.09814036,0.11909742,0.20332727,0.14713752,0.22129045,0.5273219,0.5676295,0.45762324,0.027711509,0.010697592,0.010843634,0.004162203,B
0.014916652,0.13861124,0.116401196,0.15154879,0.097819515,0.117574,0.1985344,0.15044928,0.23144633,0.54033464,0.56771237,0.43562487,0.027047884,0.011581479,0.011398228,0.0037383256,B
0.0067929854,0.14287065,0.11464525,0.15373215,0.094084665,0.11631625,0.18769708,0.14653958,0.23092517,0.5699569,0.5620741,0.41055787,0.027426224,0.011442729,0.010897838,0.0038868953,B
0.0033227124,0.14795199,0.124546945,0.16255732,0.093474105,0.11815712,0.18150774,0.149376,0.23865108,0.60199517,0.5217754,0.4069045,0.027750125,0.011465183,0.010661891,0.004126006,B
0.002206774,0.15590858,0.124241374,0.16907567,0.09411891,0.11567173,0.18136004,0.15881416,0.24833563,0.61241657,0.49181634,0.41421148,0.029055856,0.012247595,0.011107429,0.0040825317,B
8.7659154E-4,0.1540975,0.122832395,0.16355738,0.09448927,0.11074273,0.17670625,0.15201558,0.24767365,0.6035698,0.51083374,0.4138608,0.027283913,0.011505265,0.011249592,0.0037985635,B
0.0029166029,0.14936653,0.12632535,0.16019441,0.0962479,0.1103205,0.18061063,0.15184563,0.2324897,0.59597135,0.5300561,0.40956396,0.02708795,0.011958072,0.011010176,0.0039738715,B
0.0070396177,0.14911523,0.12902299,0.16194786,0.11050733,0.11505375,0.18460664,0.15032516,0.21947475,0.5769553,0.5541132,0.40455803,0.026105247,0.011586037,0.011219391,0.0042164377,B
0.012485712,0.14048272,0.13187571,0.16297917,0.122086614,0.121310875,0.18976066,0.14908974,0.20826758,0.5369225,0.564332,0.44405544,0.026559843,0.011488332,0.011229753,0.004063397,B
0.012492238,0.13904081,0.1288031,0.16188166,0.12806392,0.12322225,0.19876702,0.14417815,0.20146504,0.5344312,0.5586026,0.45456222,0.026425887,0.011124744,0.011346499,0.004065521,B
0.013682133,0.137413,0.12339805,0.1657387,0.13171826,0.124618344,0.20545387,0.14233117,0.19839093,0.5288699,0.56566375,0.45047498,0.025330435,0.011611324,0.011278515,0.0039937035,B
0.023088073,0.12878758,0.1176711,0.17392272,0.13823101,0.13574003,0.21455921,0.13826819,0.19608133,0.5067107,0.5818864,0.44878605,0.025132911,0.01078187,0.011228017,0.0044614635,B
0.02523695,0.12521696,0.11431073,0.17915256,0.13846822,0.14282326,0.21901801,0.13936156,0.18745321,0.4937955,0.5816037,0.4620074,0.025423063,0.009938445,0.010310671,0.0045783846,B
0.026169756,0.12384036,0.109599836,0.18728897,0.13849095,0.14370999,0.22393408,0.1378945,0.19001032,0.47646105,0.5856881,0.46997455,0.02542418,0.009729781,0.010512638,0.0042870683,B
0.026231516,0.12273667,0.10909926,0.18995494,0.13615051,0.14714241,0.22293064,0.13615051,0.18749572,0.47753283,0.5816764,0.4748128,0.024964653,0.010097643,0.010470251,0.004173196,B
0.02173991,0.12631445,0.11000022,0.18584836,0.13396986,0.14077055,0.22483154,0.13523339,0.18882133,0.48165977,0.5798424,0.47497055,0.025195997,0.010070967,0.010665562,0.0041250084,B
0.033080872,0.11617377,0.10419172,0.18925682,0.13530038,0.15364558,0.22483085,0.13704932,0.18259598,0.46008086,0.5908043,0.48225883,0.025675816,0.00926562,0.009451677,0.0041676685,B
0.030508002,0.11872078,0.10231342,0.19182837,0.13687676,0.15421423,0.22296886,0.14056005,0.18126218,0.4526718,0.59780806,0.47931048,0.025410933,0.00937563,0.0093384255,0.0041669467,B
0.0051750373,0.093342334,0.10663132,0.077274166,0.053219825,0.08235337,0.11896197,0.094652064,0.2955202,0.6471352,0.61959887,0.22533773,0.015461222,0.010190351,0.0072833854,0.0012138976,C
0.007133209,0.092572495,0.106233865,0.07852899,0.056110334,0.086713076,0.12212436,0.09148978,0.2861882,0.6571469,0.61836004,0.20842345,0.016208945,0.010476901,0.006751073,0.0012100979,C
0.011019739,0.09099247,0.1069488,0.08064156,0.06019453,0.08443159,0.12962526,0.08764833,0.27883762,0.6521074,0.6283162,0.2005529,0.016688854,0.009809479,0.006847526,0.0013376563,C
0.014681802,0.091464095,0.11086849,0.08468541,0.06136158,0.08709489,0.1323611,0.08793018,0.2747778,0.6396704,0.6380319,0.2075692,0.018922498,0.009894956,0.006714435,0.0012850593,C
0.017107325,0.08920248,0.1109082,0.084411144,0.066885784,0.089620516,0.13689075,0.08334997,0.2637165,0.6359937,0.6435184,0.21345568,0.016367722,0.0103222765,0.006527795,0.0013505783,C
0.020545835,0.08813678,0.11211231,0.0854189,0.06985584,0.097164005,0.13861158,0.08451294,0.26295432,0.6289614,0.6488601,0.21231775,0.016242534,0.010580296,0.0074094427,0.0012295145,C
0.02101141,0.09076799,0.10931129,0.088462256,0.0733938,0.10372557,0.14506641,0.08307139,0.2575278,0.6226457,0.65508837,0.20949706,0.016302515,0.010099766,0.0068522524,0.0012665301,C
0.021349376,0.09050564,0.108351365,0.09263403,0.075410455,0.10599376,0.14774293,0.08621612,0.25782976,0.61664337,0.6543977,0.22236751,0.016994366,0.010085288,0.006941822,0.0013097777,C
0.023277465,0.08740524,0.10724027,0.09284758,0.07530752,0.10737141,0.14746766,0.08517586,0.25844544,0.6176069,0.65140843,0.22910272,0.017343352,0.009409342,0.007179951,0.0013114065,C
0.02526043,0.08704078,0.108058505,0.08896632,0.07708674,0.10384843,0.14852741,0.083450794,0.25456247,0.6145399,0.6594473,0.22065344,0.016154926,0.0106067695,0.006886241,0.0013707209,C
0.023561068,0.09055674,0.109059684,0.087065004,0.07649189,0.10530688,0.14818673,0.08517229,0.2575401,0.6145784,0.66032994,0.21231069,0.018176613,0.009463587,0.006983475,0.0014358546,C
0.022209488,0.09275152,0.11153663,0.08877272,0.07386856,0.10018729,0.1481937,0.08580493,0.26354605,0.6158975,0.6582292,0.20800604,0.017089238,0.010207885,0.0069465796,0.0014349743,C
0.020942623,0.09459952,0.1139812,0.08656718,0.07307155,0.09908722,0.14555773,0.08822568,0.2613275,0.62122196,0.65679836,0.19983295,0.01795082,0.009885959,0.007089273,0.0013658232,C
0.022627711,0.093896866,0.11632923,0.0884597,0.07227845,0.09845497,0.14449178,0.088231795,0.26293728,0.62615275,0.6515153,0.19902618,0.016506834,0.011134787,0.006934824,0.0014651036,C
0.023937533,0.09552122,0.11703884,0.091564335,0.075900294,0.10183262,0.14764749,0.08790176,0.2618086,0.62325877,0.65321344,0.19604579,0.016546983,0.01118393,0.0067692203,0.0013080619,C
0.02613476,0.09625481,0.11864195,0.094381,0.07814129,0.10624848,0.15388279,0.08714874,0.26118323,0.61168486,0.66247505,0.19139192,0.019527104,0.009336191,0.007035017,0.0012492086,C
0.0295111,0.09554877,0.11781385,0.09633925,0.08283529,0.10572615,0.15509796,0.08652417,0.26049474,0.6025732,0.67048824,0.19050469,0.01719285,0.010440869,0.0072130924,0.0012186504,C
0.029398743,0.09468173,0.118648455,0.09688746,0.0790441,0.10831116,0.15690304,0.085858814,0.25859702,0.6021969,0.6709366,0.19140458,0.016230213,0.010864037,0.0069464,0.0014485383,C
0.025841927,0.09779719,0.11889264,0.09921454,0.07874536,0.10653202,0.1594025,0.08741427,0.25759524,0.60609865,0.666814,0.19065014,0.018755173,0.009361106,0.0069219447,0.0014173506,C
0.0270824,0.09849651,0.11902351,0.1005161,0.07830059,0.10965393,0.15928292,0.088663414,0.2621828,0.60498375,0.6646445,0.1919937,0.02042768,0.008939179,0.0070189107,0.0014898631,C
0.026171073,0.097188056,0.12095902,0.10179101,0.07279241,0.109517395,0.15321256,0.090152115,0.2614806,0.6044992,0.6702228,0.18033712,0.017030925,0.011408747,0.007035942,0.0012493728,C
0.02229278,0.099336885,0.122283414,0.09479334,0.07063738,0.10361893,0.15189816,0.08652344,0.26627123,0.6154703,0.6610365,0.17961705,0.017683862,0.010590704,0.0069297203,0.0014055565,C
0.019847395,0.10215185,0.12344031,0.09563431,0.06822132,0.10300339,0.14616984,0.0899683,0.2743591,0.6182496,0.654702,0.18288423,0.017718548,0.010611478,0.0069760643,0.0013755619,C
0.021223104,0.10401292,0.12411902,0.09760657,0.06945146,0.1043086,0.14826605,0.08867052,0.2769845,0.6146487,0.6564707,0.17957506,0.019744715,0.009658812,0.0070634168,0.0013141241,C
0.020006534,0.105486006,0.12516403,0.09848865,0.069349416,0.10341637,0.14852141,0.09011153,0.2733898,0.6171473,0.65512365,0.17913896,0.019809425,0.009494069,0.0069645075,0.0013797609,C
0.016695058,0.10549577,0.124281794,0.094877586,0.068511814,0.10111781,0.14950408,0.08657906,0.27035537,0.625983,0.64957166,0.17881027,0.019014724,0.010128117,0.0070243394,0.0012088398,C
0.018221179,0.10477996,0.12519291,0.09333038,0.06866473,0.10013471,0.14521332,0.0911059,0.27541134,0.6192584,0.65406513,0.180478,0.017599631,0.010468182,0.0070005967,0.0014393751,C
0.019037222,0.10645772,0.1261175,0.09521888,0.06959563,0.10085468,0.14603941,0.088927746,0.2793655,0.6236738,0.64883834,0.17470993,0.02074107,0.008257109,0.0072085867,0.001408951,C
0.01978503,0.10612269,0.12791252,0.09715041,0.06757146,0.10428222,0.14648151,0.092023395,0.28162444,0.6241815,0.6462671,0.17352982,0.018141754,0.010484094,0.0071646785,0.0013474853,C
0.016372073,0.10892843,0.12907362,0.09698567,0.067817785,0.102136806,0.14642999,0.090686195,0.28203276,0.62404174,0.6466477,0.17179194,0.017159509,0.010499125,0.007775915,0.0014108199,C
0.018227793,0.10834864,0.12867837,0.098364405,0.06686809,0.10187859,0.14624931,0.092354156,0.28333545,0.6221097,0.6479242,0.17134127,0.016749864,0.01096952,0.007783761,0.0011495005,C
0.017342793,0.109466136,0.12815309,0.09995875,0.06714185,0.103138804,0.14382388,0.09127095,0.2776486,0.62725836,0.6463059,0.16834639,0.020129442,0.009507392,0.007015799,0.0013113644,C
0.017432854,0.10630752,0.13002278,0.10081453,0.0676921,0.104761586,0.14429799,0.09199942,0.2820833,0.6269907,0.6426474,0.17416409,0.01690658,0.010755742,0.0078612305,0.0013814715,C
0.014906957,0.108083695,0.12715535,0.10438175,0.069411546,0.10586914,0.14692111,0.0921521,0.28495094,0.6179941,0.6462876,0.18344481,0.017418994,0.01070921,0.0073377923,0.0014543373,C
0.017088834,0.10781141,0.12826523,0.10180723,0.06888318,0.10560108,0.14825718,0.09233909,0.28170186,0.61942077,0.648386,0.17560592,0.021476509,0.008511428,0.006993886,0.0014845512,C
0.018121367,0.10748522,0.12724209,0.10100863,0.06839672,0.103952534,0.1454943,0.08475174,0.27447003,0.63375723,0.6417385,0.16911095,0.017794266,0.010827026,0.00673827,0.0012429819,C
0.015740314,0.110510126,0.12667674,0.09686852,0.07043791,0.09949191,0.14851643,0.08985096,0.2811286,0.6359415,0.6354168,0.17160222,0.017412724,0.010362374,0.007017557,0.0014756545,C
0.01682102,0.1123263,0.12783317,0.09836354,0.06948526,0.10243738,0.14738104,0.094749644,0.28145638,0.62914556,0.64238554,0.16397208,0.017510943,0.010710258,0.0071949284,0.0013798493,C
0.017012164,0.11500486,0.12856194,0.10055933,0.070812725,0.100789666,0.14744973,0.09552478,0.28453422,0.6375119,0.6329381,0.1591312,0.017801898,0.01099045,0.007107597,0.0014149382,C
0.015801357,0.11304048,0.13317817,0.10032712,0.07095828,0.10387503,0.143362,0.09576082,0.2869868,0.6525533,0.61786264,0.15226464,0.018429441,0.010446635,0.006767317,0.0013468933,C
0.010820474,0.118894055,0.13187861,0.10276171,0.07066097,0.101056665,0.14073174,0.10177803,0.29359552,0.67191863,0.5946998,0.14364998,0.017279968,0.009738427,0.0073448066,0.0014099405,C
0.009605139,0.12324944,0.13480201,0.10450127,0.07010761,0.10192669,0.14117244,0.10770298,0.29766026,0.6805455,0.5783878,0.14843404,0.017955998,0.010232278,0.0073276316,0.0013533013,C
0.013765713,0.11720522,0.13172476,0.10278399,0.071778364,0.100620806,0.14162298,0.10045693,0.29055488,0.6676043,0.60185665,0.14109856,0.018157631,0.009898203,0.0066862036,0.0013437958,C
0.015635967,0.11440316,0.12694451,0.09958157,0.071827725,0.09886492,0.14440466,0.09358778,0.27789673,0.6472965,0.63169307,0.14258048,0.019056335,0.00964218,0.006971035,0.0013681471,C
0.016596561,0.11522662,0.12688023,0.09813903,0.07486457,0.10000492,0.1475359,0.095356576,0.28007925,0.63328815,0.6423557,0.14714308,0.018266039,0.010180534,0.0064814975,0.0016367418,C
0.022971699,0.111830704,0.12795697,0.09784364,0.08023639,0.10340555,0.15027045,0.09810692,0.27470598,0.6382709,0.6375798,0.14780214,0.017771801,0.010597259,0.0068125236,0.0013822512,C
0.027655795,0.10943369,0.12830043,0.099719465,0.08326476,0.10639386,0.15496497,0.09796826,0.27120522,0.6392883,0.6365789,0.14495337,0.017974615,0.011101968,0.007467395,0.0013216629,C
0.028512672,0.1079503,0.13145667,0.09979435,0.08623426,0.10645836,0.1537695,0.09763932,0.2730917,0.637855,0.6356005,0.14949259,0.020854035,0.009283195,0.006995551,0.0012598622,C
0.029774474,0.107121944,0.12961821,0.102953516,0.08049033,0.10980165,0.15403329,0.09752794,0.26826802,0.64637077,0.6297963,0.14678816,0.01816243,0.011181969,0.007410536,0.001455641,C
0.03023547,0.10587382,0.13187036,0.100542046,0.08060584,0.10938418,0.15561497,0.09948231,0.2696686,0.64663506,0.62815595,0.14796504,0.016889473,0.011060949,0.007848638,0.0015233643,C
0.029529873,0.10482939,0.13101189,0.10260885,0.08143086,0.10721564,0.153847,0.09982489,0.27067393,0.64697266,0.6271535,0.15162645,0.018858023,0.011334699,0.00705933,0.0013588382,C
0.029628197,0.10507559,0.1316182,0.09953482,0.08503591,0.10972054,0.15305138,0.0983404,0.27196229,0.6432935,0.62962407,0.15427896,0.016788205,0.011446504,0.007199685,0.0014930222,C
0.031058853,0.107580185,0.12926841,0.10294454,0.08913692,0.10916955,0.15562539,0.09264677,0.2674439,0.6334947,0.6428984,0.14440049,0.017151905,0.010860666,0.007880605,0.0014238068,C
0.035645887,0.107567094,0.12688081,0.10736833,0.0892141,0.11187375,0.15908137,0.09037359,0.26436263,0.6183038,0.658687,0.13801186,0.017756687,0.010601007,0.0070894235,0.0014245104,C
0.039321996,0.10664099,0.12763043,0.108700074,0.09123102,0.11089201,0.16070873,0.09020147,0.2625341,0.61281204,0.66345906,0.13865653,0.019295676,0.010162611,0.0069743404,0.0013948681,C
0.039332546,0.10524204,0.12922123,0.11077057,0.09172043,0.112435795,0.16329168,0.08858981,0.2618395,0.61226887,0.66185915,0.14447467,0.01785118,0.01012455,0.0074601946,0.0012988732,C
0.04205938,0.10134308,0.13222,0.111924686,0.09246387,0.11666471,0.16199537,0.09072809,0.26196986,0.6300562,0.64461005,0.14033145,0.018526156,0.010247801,0.0073103206,0.0011683161,C
0.03903252,0.105782814,0.1337684,0.11411823,0.090651855,0.11843658,0.16449897,0.0944346,0.267269,0.64919186,0.62187576,0.13427053,0.018478516,0.010779135,0.006762066,0.001573352,C
0.032898605,0.11303451,0.13487758,0.11246499,0.08770728,0.11675319,0.16151138,0.10124194,0.26885062,0.6536839,0.61572653,0.13561462,0.01969896,0.010318503,0.0071023465,0.0014405702,C
0.03470039,0.11040729,0.13599883,0.10960652,0.08641732,0.11384397,0.16065612,0.095859826,0.27156392,0.6354842,0.6360181,0.13443065,0.01778395,0.010677043,0.0076741246,0.0013679961,C
0.034723148,0.112593204,0.13438222,0.11153194,0.085232556,0.11129979,0.15822744,0.09232974,0.2690961,0.62753713,0.64809906,0.12522885,0.017610306,0.01051312,0.0073293364,0.0012934123,C
0.044181783,0.10618255,0.13560383,0.116255604,0.09065743,0.1112357,0.1632964,0.08972658,0.26053622,0.61621785,0.6607321,0.12210661,0.018217921,0.009973315,0.0068483427,0.0013962641,C
0.05518528,0.09814428,0.13582528,0.12045891,0.097609796,0.112374865,0.16933061,0.08678654,0.25748676,0.60944325,0.66593134,0.11962378,0.018840495,0.010121755,0.0069816727,0.0013696104,C
0.058753077,0.09547793,0.13615313,0.122293435,0.09932785,0.115464024,0.16993198,0.08674029,0.2537932,0.60678035,0.6683121,0.120887384,0.018111346,0.0105789015,0.00706376,0.0014060565,C
0.057965923,0.09560527,0.13518685,0.12078746,0.0993558,0.11680251,0.17095092,0.08786978,0.25172147,0.6036024,0.67131305,0.123834774,0.01784855,0.010046087,0.0076015396,0.0013059913,C
0.05145257,0.10058927,0.13623351,0.12015668,0.09676305,0.11834426,0.1698304,0.088439345,0.25991434,0.610886,0.66096246,0.12686935,0.01849339,0.010538883,0.0067462274,0.0014432227,C
0.049816415,0.10460439,0.13933815,0.1194519,0.094661266,0.1178395,0.17041044,0.08989125,0.26174614,0.60710186,0.6633343,0.12371804,0.019012872,0.010144678,0.007558121,0.0012092993,C
0.04833132,0.105322,0.14049646,0.1198214,0.09572287,0.11592805,0.1719454,0.08840604,0.2592774,0.6100151,0.66133356,0.12364763,0.018258499,0.010505349,0.0072161346,0.0014432269,C
0.047722742,0.10368514,0.14236107,0.12127428,0.09413386,0.11918914,0.17108215,0.08929096,0.25990227,0.6026047,0.6665713,0.12719338,0.018530818,0.010862893,0.006894406,0.0015806686,C
0.04850804,0.103033364,0.13957408,0.12185839,0.096074834,0.11842954,0.17194639,0.089149915,0.2579364,0.60058534,0.6692967,0.12737143,0.018522475,0.0109924665,0.0070929984,0.0013446442,C
0.04897983,0.10284081,0.13768212,0.121288195,0.09816164,0.119100094,0.17326404,0.09089041,0.25294462,0.6037143,0.6671019,0.13138713,0.018716691,0.010368239,0.0075068744,0.0013801876,C
0.047838323,0.102284335,0.14095281,0.11981494,0.094732694,0.11843272,0.17692426,0.08950722,0.25918326,0.59759134,0.6691634,0.1345811,0.019182527,0.010214949,0.0073830816,0.001348508,C
0.04542104,0.10360725,0.13957262,0.119884536,0.09394895,0.119884536,0.17597699,0.09074077,0.2573296,0.60080725,0.66547734,0.14274701,0.018945133,0.01043502,0.007395694,0.0013845819,C
0.04464843,0.10471964,0.13964869,0.119231224,0.09422405,0.119399965,0.17599514,0.08960059,0.26093853,0.6003071,0.66540676,0.13937871,0.019438773,0.010056865,0.0073570358,0.0014849063,C
0.043990258,0.10541444,0.14048502,0.11913183,0.09342017,0.120381944,0.17646784,0.09186599,0.25887355,0.60589653,0.6602931,0.13987686,0.01942734,0.010642804,0.00733171,0.0013176806,C
0.043329757,0.10493029,0.14079638,0.11820277,0.09327887,0.119486116,0.17622344,0.09283983,0.26048514,0.6051306,0.6605846,0.1405262,0.018372087,0.010975971,0.0070246216,0.0015197499,C
0.037496038,0.11002438,0.13908297,0.11876558,0.09071949,0.11906933,0.17425026,0.092474476,0.26517224,0.60361534,0.66031504,0.1432342,0.018933643,0.010192443,0.0072899587,0.0013499924,C
0.036585353,0.11261692,0.14001386,0.11759818,0.08777792,0.11749721,0.16980048,0.09316307,0.27073836,0.6152532,0.6502231,0.13557112,0.018713392,0.010770298,0.0070680077,0.0014809159,C
0.03667598,0.114069365,0.1421573,0.11770666,0.08827157,0.11827919,0.16879708,0.09493993,0.2702033,0.6175305,0.648077,0.13198638,0.018860009,0.009968861,0.0075103245,0.0014818577,C
0.039334405,0.11191295,0.14371023,0.11766674,0.08802293,0.11951738,0.16992195,0.09219527,0.27002448,0.61067593,0.6551921,0.1280303,0.019044718,0.009724246,0.0076044276,0.0015814517,C
0.0389737,0.11447056,0.1423329,0.119539484,0.08885735,0.11645113,0.1702288,0.09016655,0.26992896,0.61183,0.6554363,0.12235929,0.018295148,0.01057426,0.0070495065,0.0016113158,C
0.03891874,0.116285294,0.14211899,0.12055728,0.08961065,0.115713455,0.17219104,0.094689935,0.2714557,0.6075629,0.65788484,0.11853902,0.01846706,0.010461303,0.0076693804,0.0012445924,C
0.04068125,0.115808435,0.14243494,0.120257415,0.09063122,0.118942946,0.17320707,0.09312535,0.2721296,0.6110614,0.65356266,0.11840367,0.019481162,0.0100776255,0.0072127488,0.001482995,C
0.041981086,0.11260096,0.14289068,0.12045135,0.0902627,0.11937319,0.1751009,0.09319397,0.26704824,0.6084225,0.65747905,0.120788276,0.019305909,0.010006728,0.007311313,0.0013814002,C
0.041201502,0.11292389,0.14327577,0.120156966,0.08994028,0.120968156,0.17430365,0.095922776,0.26951665,0.6077475,0.6556413,0.12607187,0.01892768,0.010579221,0.0071654785,0.0014533754,C
0.03261144,0.119003154,0.14158548,0.120416656,0.084978215,0.11967625,0.17379306,0.09594966,0.27331012,0.6166221,0.64731526,0.12172919,0.018880308,0.010634897,0.006798257,0.0013798443,C
0.029046709,0.12201627,0.14402746,0.11719191,0.08345485,0.122518815,0.16935538,0.0933046,0.27468738,0.6287423,0.637252,0.11437769,0.017990869,0.010452795,0.0071025398,0.001474112,C
0.02648659,0.12954289,0.14994334,0.123694755,0.08384587,0.12689082,0.17228183,0.09496412,0.28666037,0.63863623,0.61350965,0.12627882,0.019074425,0.010574236,0.007378164,0.0014960333,C
0.029152347,0.13132243,0.15257078,0.12704538,0.08519876,0.13039859,0.17631695,0.10076721,0.28837556,0.62739134,0.6209245,0.11866237,0.019845495,0.0110861035,0.007424952,0.0013344384,C
0.029354021,0.1312217,0.15169092,0.12835123,0.087788686,0.12756526,0.1776277,0.09909972,0.2858856,0.62849724,0.6214919,0.116288394,0.019683255,0.011311037,0.0071420143,0.0014352374,C
0.029307896,0.13121867,0.15262677,0.12752526,0.08871025,0.12810662,0.17718111,0.10054284,0.284632,0.6266828,0.6233656,0.1169922,0.019732388,0.010806645,0.007421019,0.0015731193,C
0.03252439,0.12972094,0.15406288,0.12763254,0.088158205,0.12876233,0.17730926,0.10010664,0.28700203,0.63039106,0.61847687,0.115958,0.019583104,0.010544748,0.0076004355,0.0015063926,C
0.03433284,0.12850879,0.15511332,0.13138126,0.0902434,0.1344589,0.17504962,0.097800724,0.28071544,0.6354312,0.6164181,0.106931075,0.019902106,0.011011131,0.0074889367,0.0014704305,C
0.030940559,0.1330341,0.15542394,0.13512886,0.090383515,0.13629642,0.17547864,0.09769799,0.2844059,0.6283921,0.6189485,0.11143409,0.01964262,0.011194919,0.007245791,0.0016826718,C
0.028226608,0.13574338,0.1558855,0.14002746,0.09117505,0.13615797,0.17740959,0.10095245,0.28724116,0.6282752,0.61355734,0.11867613,0.019865727,0.010986611,0.0077735456,0.0014165128,C
0.030270187,0.13358365,0.15921287,0.13985242,0.091988124,0.1386056,0.17808846,0.09739104,0.29172286,0.6222705,0.61659056,0.119833924,0.020330206,0.01094437,0.0073770597,0.0018356063,C
0.028777044,0.13414264,0.16187954,0.14281042,0.09212121,0.13771376,0.1775509,0.09895143,0.29002407,0.61707693,0.62116814,0.12034352,0.019831892,0.011372133,0.0074542947,0.0015255301,C
0.03082854,0.13355562,0.16299549,0.14206125,0.09345769,0.13751334,0.1770558,0.09807503,0.2923851,0.6184455,0.6185844,0.12105757,0.020066325,0.011421835,0.007116949,0.0016316908,C
0.030761894,0.13513634,0.16237961,0.1452045,0.09524691,0.1391427,0.17931084,0.10043776,0.29051352,0.6172237,0.6179204,0.122072116,0.019613756,0.011601032,0.007455318,0.0015328691,C
0.03627404,0.12906323,0.16036394,0.1456526,0.09877111,0.13852301,0.18203099,0.098423325,0.28674924,0.61015505,0.6282747,0.11612561,0.02031068,0.011616039,0.0070948265,0.0015650352,C
0.038974334,0.12789974,0.15822469,0.14464273,0.100978956,0.138147,0.18625702,0.09889477,0.2782045,0.6088611,0.6331072,0.1135883,0.019834531,0.010907256,0.007885182,0.0013547229,C
0.04096731,0.12532604,0.15929809,0.14253716,0.10160448,0.13813914,0.18381613,0.09924963,0.27264214,0.6185614,0.62798077,0.10950012,0.019843,0.010769935,0.007999535,0.0013505707,C
